232,000,0000-00-00,00
232,õ��,2020-01-01,33
232,õ��,2020-01-02,56
232,õ��,2020-01-03,76
232,õ��,2020-01-04,59
232,õ��,2020-01-05,55
232,õ��,2020-01-06,38
232,õ��,2020-01-07,11
232,õ��,2020-01-08,33
232,õ��,2020-01-09,45
232,õ��,2020-01-10,59
232,õ��,2020-01-11,49
232,õ��,2020-01-12,33
232,õ��,2020-01-13,21
232,õ��,2020-01-14,28
232,õ��,2020-01-15,33
232,õ��,2020-01-16,40
232,õ��,2020-01-17,56
232,õ��,2020-01-18,50
232,õ��,2020-01-19,64
232,õ��,2020-01-20,56
232,õ��,2020-01-21,41
232,õ��,2020-01-22,50
232,õ��,2020-01-23,54
232,õ��,2020-01-24,81
232,õ��,2020-01-25,59
232,õ��,2020-01-26,37
232,õ��,2020-01-28,15
232,õ��,2020-01-29,19
232,õ��,2020-01-30,23
232,õ��,2020-01-31,41
232,õ��,2020-02-01,71
232,õ��,2020-02-02,77
232,õ��,2020-02-03,32
232,õ��,2020-02-04,32
232,õ��,2020-02-05,19
232,õ��,2020-02-06,36
232,õ��,2020-02-07,45
232,õ��,2020-02-08,45
232,õ��,2020-02-09,41
232,õ��,2020-02-10,60
232,õ��,2020-02-11,62
232,õ��,2020-02-12,36
232,õ��,2020-02-13,47
232,õ��,2020-02-14,73
232,õ��,2020-02-15,58
232,õ��,2020-02-16,22
232,õ��,2020-02-17,28
232,õ��,2020-02-18,27
232,õ��,2020-02-19,33
232,õ��,2020-02-20,52
232,õ��,2020-02-21,49
232,õ��,2020-02-22,67
232,õ��,2020-02-23,30
232,õ��,2020-02-24,36
232,õ��,2020-02-25,16
232,õ��,2020-02-26,22
232,õ��,2020-02-27,36
232,õ��,2020-02-28,24
232,õ��,2020-02-29,28
232,õ��,2020-03-01,36
232,õ��,2020-03-02,38
232,õ��,2020-03-03,42
232,õ��,2020-03-04,37
232,õ��,2020-03-05,34
232,õ��,2020-03-06,38
232,õ��,2020-03-07,42
232,õ��,2020-03-08,51
232,õ��,2020-03-09,67
232,õ��,2020-03-10,38
232,õ��,2020-03-11,36
232,õ��,2020-03-12,37
232,õ��,2020-03-13,30
232,õ��,2020-03-14,34
232,õ��,2020-03-15,47
232,õ��,2020-03-16,26
232,õ��,2020-03-17,51
232,õ��,2020-03-18,46
232,õ��,2020-03-19,52
232,õ��,2020-03-20,45
232,õ��,2020-03-21,56
232,õ��,2020-03-22,43
232,õ��,2020-03-23,43
232,õ��,2020-03-24,54
232,õ��,2020-03-25,53
232,õ��,2020-03-26,41
232,õ��,2020-03-27,31
232,õ��,2020-03-28,32
232,õ��,2020-03-29,38
232,õ��,2020-03-30,39
232,õ��,2020-03-31,33
232,õ��,2020-04-01,54
232,õ��,2020-04-02,36
232,õ��,2020-04-03,40
232,õ��,2020-04-04,64
232,õ��,2020-04-05,42
232,õ��,2020-04-07,63
232,õ��,2020-04-08,32
232,õ��,2020-04-09,40
232,õ��,2020-04-10,43
232,õ��,2020-04-11,36
232,õ��,2020-04-12,25
232,õ��,2020-04-13,24
232,õ��,2020-04-14,41
232,õ��,2020-04-15,59
232,õ��,2020-04-16,54
232,õ��,2020-04-17,37
232,õ��,2020-04-18,44
232,õ��,2020-04-19,16
232,õ��,2020-04-20,16
232,õ��,2020-04-21,33
232,õ��,2020-04-22,72
232,õ��,2020-04-23,56
232,õ��,2020-04-24,40
232,õ��,2020-04-25,56
232,õ��,2020-04-26,31
232,õ��,2020-04-27,29
232,õ��,2020-04-28,33
232,õ��,2020-04-29,40
232,õ��,2020-04-30,37
232,õ��,2020-05-01,45
232,õ��,2020-05-02,39
232,õ��,2020-05-03,20
232,õ��,2020-05-04,34
232,õ��,2020-05-05,22
232,õ��,2020-05-07,35
232,õ��,2020-05-08,33
232,õ��,2020-05-09,9
232,õ��,2020-05-10,35
232,õ��,2020-05-11,66
232,õ��,2020-05-12,52
232,õ��,2020-05-13,35
232,õ��,2020-05-14,47
232,õ��,2020-05-15,32
232,õ��,2020-05-16,27
232,õ��,2020-05-17,39
232,õ��,2020-05-18,48
232,õ��,2020-05-19,14
232,õ��,2020-05-21,29
232,õ��,2020-05-22,33
232,õ��,2020-05-23,36
232,õ��,2020-05-24,33
232,õ��,2020-05-25,64
232,õ��,2020-05-26,35
232,õ��,2020-05-27,23
232,õ��,2020-05-28,27
232,õ��,2020-05-29,29
232,õ��,2020-05-30,35
232,õ��,2020-05-31,37
232,õ��,2020-06-01,15
232,õ��,2020-06-03,34
232,õ��,2020-06-04,38
232,õ��,2020-06-05,32
232,õ��,2020-06-06,45
232,õ��,2020-06-07,42
232,õ��,2020-06-08,37
232,õ��,2020-06-09,40
232,õ��,2020-06-10,35
232,õ��,2020-06-11,17
232,õ��,2020-06-12,32
232,õ��,2020-06-13,17
232,õ��,2020-06-14,21
232,õ��,2020-06-15,20
232,õ��,2020-06-16,30
232,õ��,2020-06-17,30
232,õ��,2020-06-18,19
232,õ��,2020-06-19,19
232,õ��,2020-06-20,30
232,õ��,2020-06-21,28
232,õ��,2020-06-22,29
232,õ��,2020-06-23,39
232,õ��,2020-06-24,25
232,õ��,2020-06-25,11
232,õ��,2020-06-26,15
232,õ��,2020-06-27,21
232,õ��,2020-06-28,21
232,õ��,2020-06-29,23
232,õ��,2020-06-30,6
232,õ��,2020-07-01,17
232,õ��,2020-07-02,31
232,õ��,2020-07-03,19
232,õ��,2020-07-05,20
232,õ��,2020-07-06,26
232,õ��,2020-07-07,23
232,õ��,2020-07-08,27
232,õ��,2020-07-09,34
232,õ��,2020-07-10,16
232,õ��,2020-07-11,11
232,õ��,2020-07-12,10
232,õ��,2020-07-15,13
232,õ��,2020-07-16,30
232,õ��,2020-07-17,35
232,õ��,2020-07-18,29
232,õ��,2020-07-19,20
232,õ��,2020-07-20,16
232,õ��,2020-07-21,23
232,õ��,2020-07-22,26
232,õ��,2020-07-25,12
232,õ��,2020-07-26,17
232,õ��,2020-07-27,26
232,õ��,2020-07-28,13
232,õ��,2020-07-29,14
232,õ��,2020-07-30,15
232,õ��,2020-07-31,26
232,õ��,2020-08-01,19
232,õ��,2020-08-02,14
232,õ��,2020-08-05,28
232,õ��,2020-08-08,10
232,õ��,2020-08-09,12
232,õ��,2020-08-10,13
232,õ��,2020-08-11,14
232,õ��,2020-08-12,18
232,õ��,2020-08-13,21
232,õ��,2020-08-14,22
232,õ��,2020-08-15,28
232,õ��,2020-08-16,17
232,õ��,2020-08-17,24
232,õ��,2020-08-18,29
232,õ��,2020-08-19,39
232,õ��,2020-08-20,33
232,õ��,2020-08-21,33
232,õ��,2020-08-22,27
232,õ��,2020-08-23,21
232,õ��,2020-08-24,25
232,õ��,2020-08-25,29
232,õ��,2020-08-26,20
232,õ��,2020-08-27,19
232,õ��,2020-08-28,22
232,õ��,2020-08-30,14
232,õ��,2020-08-31,12
232,õ��,2020-09-01,13
232,õ��,2020-09-02,12
232,õ��,2020-09-03,21
232,õ��,2020-09-04,32
232,õ��,2020-09-05,32
232,õ��,2020-09-06,17
232,õ��,2020-09-08,32
232,õ��,2020-09-09,21
232,õ��,2020-09-10,27
232,õ��,2020-09-11,26
232,õ��,2020-09-13,13
232,õ��,2020-09-14,21
232,õ��,2020-09-15,23
232,õ��,2020-09-17,19
232,õ��,2020-09-18,22
232,õ��,2020-09-19,22
232,õ��,2020-09-20,22
232,õ��,2020-09-21,25
232,õ��,2020-09-22,18
232,õ��,2020-09-26,18
232,õ��,2020-09-27,18
232,õ��,2020-09-28,25
232,õ��,2020-09-29,28
232,õ��,2020-09-30,32
232,õ��,2020-10-01,28
232,õ��,2020-10-02,23
232,õ��,2020-10-03,25
232,õ��,2020-10-04,26
232,õ��,2020-10-05,24
232,õ��,2020-10-06,26
232,õ��,2020-10-07,25
232,õ��,2020-10-08,18
232,õ��,2020-10-09,25
232,õ��,2020-10-10,24
232,õ��,2020-10-11,24
232,õ��,2020-10-12,33
232,õ��,2020-10-13,26
232,õ��,2020-10-14,29
232,õ��,2020-10-15,34
232,õ��,2020-10-16,37
232,õ��,2020-10-17,34
232,õ��,2020-10-18,30
232,õ��,2020-10-19,49
232,õ��,2020-10-20,46
232,õ��,2020-10-21,40
232,õ��,2020-10-22,46
232,õ��,2020-10-26,47
232,õ��,2020-10-27,67
232,õ��,2020-10-28,55
232,õ��,2020-10-29,30
232,õ��,2020-10-30,37
232,õ��,2020-10-31,33
232,õ��,2020-11-01,18
232,õ��,2020-11-02,23
232,õ��,2020-11-03,18
232,õ��,2020-11-04,29
232,õ��,2020-11-05,33
232,õ��,2020-11-06,46
232,õ��,2020-11-07,69
232,õ��,2020-11-08,43
232,õ��,2020-11-09,24
232,õ��,2020-11-10,29
232,õ��,2020-11-11,42
232,õ��,2020-11-12,48
232,õ��,2020-11-13,60
232,õ��,2020-11-14,46
232,õ��,2020-11-15,52
232,õ��,2020-11-16,58
232,õ��,2020-11-18,32
232,õ��,2020-11-19,12
232,õ��,2020-11-20,18
232,õ��,2020-11-21,25
232,õ��,2020-11-22,18
232,õ��,2020-11-23,19
232,õ��,2020-11-24,27
232,õ��,2020-11-25,35
232,õ��,2020-11-26,52
232,õ��,2020-11-27,39
232,õ��,2020-11-28,18
232,õ��,2020-11-29,25
232,õ��,2020-11-30,24
232,õ��,2020-12-01,40
232,õ��,2020-12-02,31
232,õ��,2020-12-03,27
232,õ��,2020-12-04,29
232,õ��,2020-12-05,46
232,õ��,2020-12-06,51
232,õ��,2020-12-07,46
232,õ��,2020-12-08,28
232,õ��,2020-12-09,40
232,õ��,2020-12-10,57
232,õ��,2020-12-11,86
232,õ��,2020-12-12,53
232,õ��,2020-12-13,30
232,õ��,2020-12-14,20
232,õ��,2020-12-15,20
232,õ��,2020-12-16,18
232,õ��,2020-12-17,32
232,õ��,2020-12-18,30
232,õ��,2020-12-19,27
232,õ��,2020-12-20,30
232,õ��,2020-12-21,37
232,õ��,2020-12-22,49
232,õ��,2020-12-23,72
232,õ��,2020-12-24,54
232,õ��,2020-12-25,25
232,õ��,2020-12-26,42
232,õ��,2020-12-27,57
232,õ��,2020-12-28,67
232,õ��,2020-12-29,57
232,õ��,2020-12-30,35
232,õ��,2020-12-31,28